Name,Link
SQMG01.png,https://savvyyybbb.github.io/LifeDrawingGallery/Gallery%20UVs/SQMG01.png
SQMG02.png,https://savvyyybbb.github.io/LifeDrawingGallery/Gallery%20UVs/SQMG02.png
SQMG03.png,https://savvyyybbb.github.io/LifeDrawingGallery/Gallery%20UVs/SQMG03.png
SQMG04.png,https://savvyyybbb.github.io/LifeDrawingGallery/Gallery%20UVs/SQMG04.png
SQMG05.png,https://savvyyybbb.github.io/LifeDrawingGallery/Gallery%20UVs/SQMG05.png
SQMG06.png,https://savvyyybbb.github.io/LifeDrawingGallery/Gallery%20UVs/SQMG06.png
SQMG07.png,https://savvyyybbb.github.io/LifeDrawingGallery/Gallery%20UVs/SQMG07.png
SQMG08.png,https://savvyyybbb.github.io/LifeDrawingGallery/Gallery%20UVs/SQMG08.png
SQMG09.png,https://savvyyybbb.github.io/LifeDrawingGallery/Gallery%20UVs/SQMG09.png
SQMG10.png,https://savvyyybbb.github.io/LifeDrawingGallery/Gallery%20UVs/SQMG10.png
SQMG11.png,https://savvyyybbb.github.io/LifeDrawingGallery/Gallery%20UVs/SQMG11.png
SQMG12.png,https://savvyyybbb.github.io/LifeDrawingGallery/Gallery%20UVs/SQMG12.png
SQMG13.png,https://savvyyybbb.github.io/LifeDrawingGallery/Gallery%20UVs/SQMG13.png
SQMG14.png,https://savvyyybbb.github.io/LifeDrawingGallery/Gallery%20UVs/SQMG14.png
SQSR01.png,https://savvyyybbb.github.io/LifeDrawingGallery/Gallery%20UVs/SQSR01.png
SQSR02.png,https://savvyyybbb.github.io/LifeDrawingGallery/Gallery%20UVs/SQSR02.png
SQSR03.png,https://savvyyybbb.github.io/LifeDrawingGallery/Gallery%20UVs/SQSR03.png
SQSR04.png,https://savvyyybbb.github.io/LifeDrawingGallery/Gallery%20UVs/SQSR04.png
PTMG01.png,https://savvyyybbb.github.io/LifeDrawingGallery/Gallery%20UVs/PTMG01.png
PTMG02.png,https://savvyyybbb.github.io/LifeDrawingGallery/Gallery%20UVs/PTMG02.png
PTMG03.png,https://savvyyybbb.github.io/LifeDrawingGallery/Gallery%20UVs/PTMG03.png
PTMG04.png,https://savvyyybbb.github.io/LifeDrawingGallery/Gallery%20UVs/PTMG04.png
ETMG01.png,https://savvyyybbb.github.io/LifeDrawingGallery/Gallery%20UVs/ETMG01.png
EWMG01.png,https://savvyyybbb.github.io/LifeDrawingGallery/Gallery%20UVs/EWMG01.png
